"PSRC_trips","App_data_estimated_trips","TAZ"
1875,582.12,1
4393,1458.15,2
6814,2578.39,3
8704,4711.65,4
3440,946.03,5
2247,854.96,6
3773,3273.15,7
3183,1348.41,8
1580,717.29,9
2763,841.43,10
2887,1692.05,11
2697,664.59,12
4574,2247.05,13
4748,1157.99,14
3016,911.96,15
4980,1852.17,16
7057,2878.44,17
4611,2019.07,18
3652,1323.08,19
9081,4376.1,20
2703,898.26,21
2502,963.6,22
7697,2424.99,23
6101,2605.36,24
5512,1760.57,25
4175,1525.92,26
4139,1462.29,27
719,591.05,28
3678,1546.83,29
3274,1390.73,30
8030,4001,31
2143,2075.2,32
1203,1158.6,33
1733,1009.36,34
2990,1057.33,35
2350,562.59,36
2285,747.89,37
4455,2149.46,38
5491,1186.75,39
4378,939.79,40
3182,1809.77,41
3220,1023.94,42
2840,919.76,43
1719,800.93,44
3856,1985.65,45
1793,1310.96,46
5412,2645.31,47
5903,2636.93,48
3273,1410.95,49
1209,344.66,50
1618,494.05,51
1847,578.27,52
1050,572.13,53
1353,522.05,54
1921,285.63,55
1256,617.16,56
1879,523.85,57
2592,822.96,58
3054,1081.35,59
1849,770.6,60
2474,739.54,61
2164,915.64,62
1477,549.98,63
2345,854.53,64
2162,886,65
3020,625.25,66
7307,3433.83,67
2520,623.27,68
11111,9368.55,69
6400,2832.17,70
4792,3161.15,71
5650,1274.31,72
3357,1595.52,73
1479,759.21,74
2391,1064.31,75
3019,1509.19,76
2458,1037.39,77
2312,1208.95,78
3588,1008.3,79
4176,1208.11,80
1865,1087.3,81
1524,448,82
5275,1374.9,83
2521,915.89,84
2094,608.07,85
6833,1790.71,86
4092,1745.04,87
1703,566.79,88
2198,959.66,89
5124,2677.3,90
5579,2231.39,91
4455,1447.59,92
6413,2593.84,93
2342,830.29,94
2000,850.33,95
7112,1048.11,96
5282,845.65,97
4918,1030.46,98
1499,399.28,99
3722,985.86,100
2243,1235.98,101
3414,1142.52,102
1757,887.48,103
384,217.89,104
1375,2753,105
715,517.71,106
1164,1030.5,107
860,270.88,108
1426,490.78,109
1555,568.49,110
2090,673.11,111
1031,420.25,112
1264,484.64,113
1988,348.44,114
652,409.37,115
1219,436.9,116
1471,443.67,117
3164,670.26,118
5283,571.91,119
6664,417.37,120
5700,657.48,121
4909,539.11,122
8004,841.92,123
7481,679.12,124
3278,518.44,125
864,326.79,126
1961,1142.64,127
2675,954.77,128
2811,1438.15,129
4663,1846.39,130
2341,1067.33,131
2460,743.38,132
2904,1142.27,133
2456,715.65,134
3436,1523.09,135
1925,699.42,136
1875,935.55,137
1810,533,138
2602,686.96,139
1639,425.2,140
3172,1235.06,141
3905,665.42,142
3317,680.39,143
2246,598.24,144
1844,570.71,145
1249,605.54,146
1640,473.28,147
2245,462.13,148
1286,384.28,149
1447,382.79,150
218,701.51,151
923,1421.25,152
1748,515.67,153
1230,478.37,154
1239,482.67,155
1349,398.56,156
1616,616.96,157
1277,453.9,158
1643,611.35,159
1588,736.95,160
2812,985.16,161
1876,746.08,162
2542,1125.17,163
1478,423.09,164
1668,970.85,165
1802,363.37,166
2550,743.38,167
2474,857.99,168
2755,803.17,169
2526,777.52,170
2056,754.46,171
2735,916.5,172
992,576.22,173
407,3307.05,174
7363,2724.43,175
5715,1644.32,176
2428,685.35,177
1832,668.93,178
3722,447.32,179
5232,1140.55,180
6764,1037.58,181
11914,1306.58,182
6977,523.92,183
4149,675.81,184
1506,403.38,185
3513,1334.83,186
1548,329.73,187
1573,389.7,188
2586,752.95,189
2072,755.67,190
2327,886.2,191
1686,450.16,192
811,227.9,193
1545,490.27,194
1492,363.46,195
1015,289.64,196
879,340.12,197
909,241.84,198
2622,1082.34,199
1071,723.18,200
2431,835.42,201
3224,1142.31,202
980,316.25,203
1280,365.15,204
1395,835.02,205
977,336.03,206
2030,793.67,207
1362,587.24,208
1433,728.87,209
2316,719.82,210
3114,681.02,211
1375,383.93,212
1977,521.5,213
1801,597.22,214
494,431.33,215
1028,364.06,216
1954,581.14,217
5764,2176.5,218
3778,1278.05,219
3368,1441.04,220
1659,683.15,221
1127,757.77,222
868,299.96,223
2000,517.4,224
985,292.83,225
1004,360.36,226
1065,360.08,227
1483,506.27,228
1018,409.65,229
62,646.23,230
2678,861.49,231
896,1250.26,232
2659,685.44,233
2163,841.09,234
2188,975.03,235
2441,813.64,236
1713,730.15,237
1105,436.13,238
3161,1340.61,239
4083,2115.78,240
2910,1294.53,241
7645,3167.37,242
2355,1024.96,243
6226,3598.74,244
2768,946.58,245
5195,1783.16,246
1350,462.65,247
3568,1031.55,248
1711,508.24,249
3195,593.99,250
1610,573.4,251
1568,965.3,252
1356,554.49,253
8875,3170.55,254
1777,1024.51,255
8637,3844.28,256
3164,1264.11,257
6240,3572.18,258
2482,2898.63,259
1474,568.24,260
1670,777.51,261
1841,772.84,262
1553,691.71,263
2464,712.6,264
700,216.9,265
1093,333.55,266
2384,772.94,267
1052,393.06,268
1665,431.79,269
920,800.13,270
2596,803.91,271
2163,1209.59,272
2051,1496.88,273
2350,809.46,274
3203,1484.41,275
1086,459.98,276
1105,532.61,277
3120,1594.77,278
2378,914.01,279
5333,2016.58,280
7195,2704,281
14495,6788.1,282
3303,1441.18,283
3875,4034.24,284
4330,1623.18,285
1979,2362.09,286
1923,1000.98,287
1633,1007.85,288
12115,7075.84,289
86,342.42,290
1648,646.97,291
1490,467.03,292
1184,607.94,293
2219,1618.37,294
2387,612.2,295
9524,2836.83,296
2424,594.42,297
1391,670.53,298
3604,1675.38,299
2372,777.75,300
18306,4958.23,301
0,29362.23,302
36872,6503.31,303
16996,10175.31,304
753,5522.8,305
739,1346.56,306
9575,3907.74,307
413,752.7,308
3772,1937.78,309
2455,1309.79,310
5727,2532.46,311
4617,1697.07,312
8555,2262.24,313
5988,1801.01,314
4463,3575.89,315
6843,2151.83,316
2949,961.53,317
6117,2621.88,318
3345,1147.75,319
2768,661.66,320
5695,1917.05,321
4554,1414.28,322
1840,660.87,323
10934,4366.66,324
1883,625.18,325
1793,644.92,326
2762,1089.02,327
2519,844.12,328
1526,850.15,329
3349,2739.96,330
856,479.14,331
3423,1174.44,332
3045,1235.7,333
2721,1206.74,334
4457,2828.6,335
4521,1703.91,336
3860,1158.87,337
14408,1724.49,338
3221,1431.48,339
8899,2158.23,340
3465,1611.06,341
1437,1167.31,342
6003,1981.81,343
3080,1005.95,344
3643,1352.72,345
2249,785.7,346
1615,567.04,347
2609,1334.46,348
4835,1956.32,349
4655,2178.36,350
2505,2851.75,351
4464,1608.59,352
1447,406.09,353
3327,1091.12,354
6487,1036.56,355
5340,759.92,356
1506,558.15,357
3559,1208.49,358
1191,809.37,359
3305,1163.21,360
2658,853.8,361
4530,1444.65,362
4775,2574.67,363
1166,1176.94,364
2413,981.57,365
472,251.15,366
969,589.41,367
924,1213.46,368
1839,827.23,369
1317,862.17,370
85,651.27,371
2351,1511.88,372
7652,3135.68,373
1072,369.18,374
282,166.3,375
1487,528.45,376
792,361.76,377
1424,486.88,378
885,642.15,379
764,737.09,380
1466,628.97,381
4643,2001.86,382
4972,2017.02,383
4662,1676.63,384
4280,1225.82,385
6083,2676.58,386
9589,3761.19,387
4871,1734.98,388
2447,1354.05,389
1509,1830.95,390
6730,1153.4,391
6905,1239.18,392
3083,673.01,393
1402,1128.81,394
2544,1624.3,395
2255,938.23,396
3598,1720.98,397
10871,3660.87,398
2067,600.13,399
7304,2962.28,400
3054,1136.17,401
6966,3444.52,402
10811,5403.35,403
2777,1894.11,404
2422,2261.93,405
6982,4122.78,406
4470,1293.87,407
2739,747.18,408
1660,735.87,409
3845,1339.76,410
3316,1397.61,411
1678,650.76,412
1097,588.06,413
1487,532.62,414
5061,691.54,415
6554,1094.06,416
1426,815.35,417
2394,954.14,418
2372,1042.76,419
1337,521.74,420
1739,622.88,421
1692,927.76,422
2686,1001.19,423
5350,2198.94,424
7058,2526.56,425
5610,2730.75,426
8137,3722.59,427
7379,1885.43,428
5775,4186.83,429
7958,4152.23,430
8634,4695.54,431
30857,5582.21,432
5933,5859.2,433
3736,4100.18,434
5701,3866.8,435
2355,1115.63,436
3924,2579.07,437
4686,5764.56,438
1108,1080.49,439
2279,1874.15,440
3397,2010.69,441
6735,4063.62,442
6318,2619.73,443
3113,2031.64,444
508,222.86,445
2921,1152.67,446
2274,915.43,447
2348,1273.71,448
2831,760.18,449
541,554.81,450
2835,820.44,451
2491,808.07,452
2598,778.8,453
2012,573.96,454
2429,1147.05,455
1207,1023.7,456
2371,591.8,457
1860,946.88,458
1606,974.78,459
2265,1282.54,460
2040,978.51,461
3100,1734,462
2156,1160.35,463
2901,1541.76,464
1073,698.86,465
129,644.83,466
1615,717.8,467
2513,937.31,468
1818,1033.67,469
2521,1053.79,470
4224,1672.31,471
1661,852.69,472
2857,2001.97,473
907,1947.21,474
638,1366.69,475
2742,1503.32,476
3877,1714.6,477
3144,6191.87,478
3137,1279.91,479
4977,1269.36,480
3800,1503.24,481
2798,1158.24,482
2575,1699.35,483
2318,1464.81,484
3430,1976.25,485
2693,2613.48,486
1451,2783.71,487
5847,1961.97,488
519,1169.59,489
459,626.22,490
1087,784.94,491
745,1720.65,492
7766,2010.87,493
650,1036.62,494
2193,2489.7,495
1003,1362.8,496
2779,1888.35,497
2769,1287.37,498
4554,1837.45,499
4655,2435.67,500
5535,3921.22,501
5856,3660.79,502
11579,3685.55,503
5470,1987.14,504
6784,1818.64,505
2070,1403.84,506
1738,2331.4,507
691,526.59,508
3800,1707.08,509
7495,2366.36,510
2178,2808.22,511
9639,2793.45,512
6874,2262.74,513
9024,3213.09,514
12591,2358.98,515
3339,1965.35,516
0,441.52,517
963,649.8,518
1956,801.47,519
2842,1727.23,520
5418,2632.32,521
3896,2035.58,522
689,1210.22,523
727,1458.22,524
1313,719.72,525
1484,834.97,526
1522,829.95,527
3691,1590.59,528
6702,1953.34,529
5649,2984.37,530
3022,1777.55,531
1088,1292.38,532
1081,1127.21,533
2421,974.72,534
4297,1928.76,535
2877,1330.88,536
2040,1923.68,537
3946,3291.16,538
6559,2872.73,539
1806,1022.11,540
2138,1333.26,541
1819,2718.14,542
1104,1921.26,543
2756,1079.55,544
2088,857.45,545
485,446.55,546
1722,1097.32,547
2131,1047.24,548
1801,982.08,549
6939,1694.41,550
2429,1718.6,551
5873,1754.99,552
3555,3201.91,553
4582,2724.41,554
3752,1883.51,555
7001,2092.96,556
3159,1239.6,557
3132,1021.46,558
1447,440.12,559
1687,516.16,560
2031,814.91,561
1939,1243.53,562
3831,2022.48,563
3938,1335.79,564
4568,1629.03,565
11275,4333.82,566
4137,2388.88,567
5224,1492.18,568
4037,1809.82,569
1354,902.41,570
5179,2521.43,571
2439,2059.6,572
8103,1566.2,573
4201,1522.65,574
2399,1139.8,575
2428,1376.93,576
3143,1834.84,577
3172,2146.3,578
2666,913.98,579
1568,866.64,580
4310,2184.28,581
1017,783.69,582
3132,1976.26,583
11680,3948.14,584
6131,3352.88,585
4704,1238.84,586
2608,924.5,587
3535,1666.15,588
3303,1344.77,589
2056,745.71,590
277,208.73,591
787,323.03,592
1847,822.67,593
2381,997.72,594
1148,484.25,595
1206,794.96,596
1368,781.29,597
2594,1033.16,598
5297,920.58,599
9053,2357.36,600
10510,645.29,601
3313,1859.66,602
5422,554.36,603
2887,1994.3,604
4733,1354.09,605
1552,1003.89,606
1833,2155,607
2098,573.15,608
7762,2120.71,609
3083,2116.55,610
7321,3625.53,611
3314,2484.94,612
2888,2845.24,613
2408,1187.97,614
3290,1227.39,615
3653,836.33,616
8819,1236.41,617
6770,1916.83,618
3443,1226.12,619
1069,351.92,620
1997,831.45,621
1415,564.23,622
1959,1064.17,623
3870,1158.28,624
13961,933.04,625
10534,1991.2,626
1701,915.25,627
6312,3099.6,628
4618,3028.99,629
3526,4448.88,630
8602,9075.35,631
2234,1239.02,632
261,1272.38,633
729,694.03,634
807,1220.88,635
2747,1051.05,636
4512,1375.57,637
2931,656.53,638
2583,590.37,639
1160,736.76,640
1872,791.6,641
1649,492.94,642
1637,470.56,643
1402,372.32,644
3274,956.37,645
1253,941.88,646
3861,1813.26,647
2574,1285,648
8076,3059.69,649
4676,4132.35,650
1539,3106.6,651
1235,2476.27,652
1926,2225.77,653
284,1635.85,654
6825,5069.54,655
8810,3817.79,656
5448,5179.55,657
3471,1780.69,658
1689,1849.46,659
2094,2049.73,660
1680,514.39,661
1774,709.27,662
1702,574.95,663
2959,790.14,664
3479,2118.43,665
3013,1335.49,666
3679,1536.9,667
3451,1683.09,668
3384,1402.4,669
4182,4140.12,670
4370,3398.48,671
1892,842.52,672
14,506.21,673
3091,5468.2,674
742,999.4,675
2728,2037.35,676
2645,973.03,677
1077,752.63,678
3544,1992.9,679
4121,1680.12,680
2496,814.5,681
4585,2060.93,682
3434,2507.75,683
1433,816.6,684
1211,614.86,685
1297,761.07,686
1889,554.56,687
2441,1077.14,688
3612,1245.96,689
2193,791.58,690
4448,3311.75,691
2204,854.31,692
1472,945.83,693
1849,943.92,694
2772,912.98,695
2926,1291.79,696
3030,1115.01,697
2402,843.28,698
2385,1356.06,699
4859,2367.39,700
1563,861.71,701
800,875.43,702
522,589.61,703
1604,1900.09,704
872,809.14,705
1192,983.54,706
3509,2102.77,707
4169,2133.76,708
6020,3874.24,709
281,317.59,710
7664,1884.42,711
8596,2353.9,712
12949,1958.47,713
7660,4465.87,714
4851,1990.43,715
1876,665.09,716
698,430.01,717
3345,1439.12,718
3651,1195.49,719
9795,3287.19,720
11197,4695.95,721
8310,2878,722
4032,1379.87,723
2064,1122.91,724
4069,2532.15,725
2689,3895.13,726
2086,1058.71,727
2154,1817.3,728
3875,1066.72,729
4646,1233.87,730
1469,1306,731
4484,2114.72,732
3239,972.73,733
2137,619.37,734
6713,3495.16,735
6165,3054.48,736
2672,1112.04,737
8314,3199.25,738
2299,960.57,739
2524,1016.81,740
1314,556.87,741
820,309.46,742
791,351.71,743
3329,1556.89,744
2784,889.56,745
2335,852.84,746
3573,1540.49,747
1806,1131.4,748
3793,1168.23,749
1563,519.89,750
11659,3195.69,751
4335,1231.62,752
3265,789.96,753
3497,809.87,754
4102,1028.86,755
6455,1831.72,756
701,1571.27,757
1579,1762.25,758
1941,696.54,759
5024,2536.02,760
7893,5235.54,761
3350,2035.92,762
1227,616.45,763
1529,802.13,764
2792,869.07,765
4300,1692.53,766
6460,2488.12,767
3881,1700.78,768
1085,1165.49,769
1064,794.94,770
5639,1886.2,771
5033,1408.15,772
4078,2551.26,773
7890,3599.15,774
5101,2343.36,775
2275,487.67,776
648,882.04,777
2269,1293.82,778
2727,1847.58,779
709,1268.56,780
1625,661.33,781
3344,1908.14,782
3116,1064.16,783
1687,626.29,784
1867,901.32,785
1777,819.31,786
1527,1034.44,787
3045,1935.3,788
2099,660.84,789
995,295.52,790
2818,596.86,791
3784,877.2,792
7013,687.43,793
5582,720.4,794
6262,1493.72,795
6029,1379.21,796
7293,4380.83,797
2332,1052.29,798
2386,633.67,799
2897,1218.18,800
2886,927.02,801
963,612.19,802
3233,2530.7,803
2720,1062.84,804
1285,957.05,805
3246,2176.48,806
2289,1049.67,807
105,1556.74,808
3330,3551.24,809
2053,405.27,810
2363,852.36,811
3196,1368.71,812
5764,1928.47,813
3053,1199.95,814
2967,868.5,815
2524,1099.98,816
1860,901.19,817
2106,583.07,818
2159,781.27,819
2427,1025.49,820
3346,1122.42,821
1455,731.41,822
2341,1018.22,823
1753,1260.57,824
3382,1681.06,825
1224,401.36,826
3682,1419.47,827
1723,445.5,828
4186,2135.81,829
2769,896.97,830
2581,1695.06,831
3937,1627.36,832
1896,549.83,833
1871,533.32,834
1856,744.84,835
1509,499.1,836
2046,632.05,837
2148,651.11,838
1157,505.24,839
1511,597.53,840
1107,356.77,841
388,854.03,842
1981,1320.02,843
1062,595.65,844
1345,680.43,845
1994,1207.66,846
755,684.31,847
4553,2914.77,848
2730,1047.83,849
3780,1246.98,850
1114,580.71,851
2149,603.36,852
3395,1307.8,853
964,443.95,854
1870,595.53,855
1790,559.15,856
2940,602.35,857
1191,496.59,858
3242,1499.82,859
1509,561.07,860
2731,1637.63,861
2339,1040.8,862
4574,2645.88,863
4375,1998.38,864
3481,1544.17,865
2054,838.62,866
680,261.76,867
1589,666.45,868
1852,459.13,869
959,648.98,870
2802,1520.4,871
1776,1053.01,872
7277,4231.56,873
585,1433.3,874
1947,722.87,875
2169,959.53,876
717,623.42,877
3215,1762.09,878
1388,784.08,879
2680,1378.5,880
1663,778.14,881
1511,989.4,882
2095,930.23,883
1971,503.08,884
821,322.46,885
8346,1008.78,886
5149,1352.82,887
5417,1036.13,888
5044,1777.3,889
1831,1107.88,890
3022,1378.31,891
3529,1174.53,892
2350,1137.26,893
4123,1241.84,894
2986,1067.44,895
5552,1643.77,896
3608,1230.37,897
3203,1272.67,898
4130,1168.66,899
917,410.13,900
3445,872.04,901
2419,521.15,902
2709,751.79,903
1810,913.69,904
2219,806.51,905
2160,1392.38,906
2982,774.8,907
3015,2702.17,908
2240,855.38,909
3224,872.32,910
4936,2590.89,911
3778,1679.09,912
2146,563.22,913
3642,1386.76,914
3767,2185.17,915
2600,795.58,916
714,402.66,917
1406,882.79,918
639,753.05,919
501,818.87,920
3454,1930.29,921
4650,4182.5,922
1897,911.19,923
2112,763.27,924
4524,2333.46,925
1632,697.08,926
1980,476.28,927
3436,1773.84,928
1587,583.41,929
2267,950.29,930
5028,667.08,931
651,242.81,932
8861,1423.1,933
2772,1210.39,934
1543,660.03,935
3211,1174.46,936
1858,1005.93,937
3518,1293.76,938
4118,1767.74,939
1949,640.39,940
7106,2340.38,941
1739,651.55,942
3127,2251.97,943
4840,4088.94,944
4524,3656.87,945
1978,1004.48,946
3804,748.44,947
1294,1152,948
3141,1660.64,949
4093,2476.41,950
4615,3036.23,951
7493,4553.1,952
5241,2482.29,953
9760,5131.56,954
6749,2772.1,955
1370,784.21,956
5499,3031.38,957
4344,1386.24,958
1305,998.41,959
4637,1822.03,960
4665,2357.59,961
5350,4992.69,962
3700,3618.55,963
2500,1508.04,964
1736,1561.01,965
5348,4688.75,966
7429,3149.29,967
5796,3969.21,968
2961,3051.97,969
5605,3081.34,970
6909,4507.57,971
11693,9476.61,972
14848,9835.63,973
20520,13208.54,974
1003,486.94,975
3937,1980.25,976
1336,408.95,977
2194,1221.8,978
4320,1928.86,979
2823,2019.19,980
2494,1044.47,981
3573,2723.7,982
11896,43167.06,983
34,412.2,984
87,218.97,985
5928,1953.11,986
2632,841.57,987
1851,668,988
3663,2190.63,989
2895,1930.75,990
4120,2663.85,991
4520,1699.69,992
4954,1905.05,993
3804,3448.15,994
5599,1521.3,995
2814,1202.75,996
6050,2573.08,997
3822,1600.65,998
3483,1120.46,999
2432,807.3,1000
1291,534.42,1001
6995,3623.48,1002
687,763.19,1003
5338,2540.44,1004
2725,1381.16,1005
2318,1541.69,1006
830,952.6,1007
192,635.07,1008
2553,1222.84,1009
1536,779.03,1010
12136,5093.08,1011
11212,3145.51,1012
5339,2093.9,1013
1934,1406.54,1014
753,852.4,1015
1722,1705.85,1016
5422,3216.43,1017
3073,2543.67,1018
2276,1542.8,1019
5183,2965.17,1020
2560,1859.03,1021
3681,2517.58,1022
3848,2142.39,1023
837,757.9,1024
4158,3472.14,1025
4806,4086.92,1026
112,211.42,1027
2432,1437.9,1028
5885,2552.34,1029
3493,2124.27,1030
3562,3501.88,1031
1736,736.85,1032
1770,1716.99,1033
4657,1725.6,1034
4249,853.31,1035
9400,2502.87,1036
4392,2813.85,1037
4749,1948.46,1038
2433,1128.64,1039
4351,2544.65,1040
9023,3214.17,1041
7234,4049.19,1042
3204,1363.7,1043
4283,1569.88,1044
8589,5266.57,1045
12187,5523.04,1046
5406,2693.89,1047
3338,1235.44,1048
3257,2366.14,1049
2211,865.62,1050
3510,2189.62,1051
4517,3329.86,1052
7768,3933.65,1053
6209,4800.5,1054
4049,3067.22,1055
197,298.47,1056
1026,716.83,1057
4355,1345.19,1058
3552,1654.08,1059
4239,2764.99,1060
7509,4496.09,1061
12161,5278.9,1062
7847,3380.6,1063
2877,1475.39,1064
3236,1298.08,1065
3606,1529.98,1066
1811,956.2,1067
3043,1157.64,1068
2149,600.31,1069
5598,2810.71,1070
3153,2241.16,1071
12796,1999.87,1072
9486,2777.4,1073
3420,1664.63,1074
3584,1628.47,1075
6350,2626.02,1076
5386,2171.03,1077
3720,1513.71,1078
1961,977.08,1079
6895,3657.26,1080
4188,2146.74,1081
2340,2110.45,1082
2771,717.26,1083
6912,2462.39,1084
3988,1336.82,1085
6357,2820.07,1086
6479,2330.44,1087
4068,1221.69,1088
10888,3479.09,1089
5025,2239.86,1090
4778,1793.02,1091
8413,3574.9,1092
3816,1946.83,1093
7217,2902.08,1094
5548,1713.48,1095
5014,1630.81,1096
4761,1752.09,1097
3083,1255.17,1098
1682,1033.98,1099
2062,954.05,1100
3636,1015.06,1101
1803,876.43,1102
5578,3481.13,1103
10591,10052.07,1104
7761,5243.89,1105
4611,1511.9,1106
2643,1097.45,1107
4657,1342.89,1108
4854,1749.05,1109
704,361.24,1110
3581,1572.47,1111
2518,1004.64,1112
3562,1078.11,1113
3570,1329.18,1114
5469,2481.2,1115
3817,1070.95,1116
4903,1529.08,1117
5577,3023.61,1118
4778,1485.62,1119
8866,3053.56,1120
5847,1987.02,1121
5275,1883.56,1122
11469,7319.01,1123
9709,5535.46,1124
8471,5708.04,1125
8074,4333.13,1126
2998,1520.21,1127
6122,2841.37,1128
1354,813.22,1129
2911,1123.26,1130
5166,1329.48,1131
2777,1434.66,1132
3145,1755.91,1133
7623,6763.58,1134
4507,6400.39,1135
5350,5663.05,1136
11469,6175.1,1137
653,1274.07,1138
8772,3519.76,1139
4151,1604.03,1140
5736,1887.12,1141
8767,5138.33,1142
8098,3215.3,1143
4067,1782.65,1144
3112,1249.8,1145
3177,1299.76,1146
1723,1260,1147
94,210.85,1148
3360,1596.11,1149
3558,1021.87,1150
2846,1286.35,1151
2425,929.8,1152
1955,695.84,1153
2214,676.84,1154
4338,2109.83,1155
3618,1571.56,1156
1941,745.66,1157
11212,3359.42,1158
760,430.55,1159
4449,1453.86,1160
13692,5751.03,1161
7385,2366.91,1162
9929,2070.05,1163
5617,1522.39,1164
5208,2697.77,1165
9893,9838.64,1166
10041,7599.4,1167
12506,3808.11,1168
3548,1635.78,1169
6178,2945.21,1170
725,1129,1171
1973,813.51,1172
4223,2642.09,1173
7453,3658.91,1174
2938,1147.02,1175
1554,532.79,1176
2387,1708.69,1177
5265,4429.02,1178
5933,2679.93,1179
8802,7980.66,1180
4550,2306.46,1181
6115,1946.33,1182
4174,1767.32,1183
3831,1782.1,1184
2876,809.39,1185
5901,1262.86,1186
3802,1058.19,1187
9368,2512.04,1188
3405,1116.56,1189
3137,1617.46,1190
2703,704.18,1191
3905,1285.18,1192
993,1068.3,1193
5964,4295.33,1194
4616,1966.3,1195
4364,2486.37,1196
2513,1271.1,1197
7839,3153.95,1198
5050,2574.9,1199
912,920.47,1200
2134,952.29,1201
1346,545.09,1202
5422,1459.56,1203
1646,609.32,1204
1420,512.06,1205
6085,2174.35,1206
3533,1455.47,1207
5196,700.98,1208
2615,624.56,1209
2010,1249.19,1210
4682,1758.48,1211
11607,2544.49,1212
8310,3643.9,1213
4819,737.48,1214
718,204.56,1215
11357,1625.56,1216
2329,1417.74,1217
3092,1066.54,1218
1125,1059.02,1219
701,466.49,1220
685,902.68,1221
6299,2707.65,1222
4289,1268.37,1223
7011,3919.67,1224
5335,2478.13,1225
8050,2975.61,1226
7785,2757.43,1227
3721,1105.88,1228
3639,1207.82,1229
2496,2777,1230
3049,969.68,1231
9072,3578.34,1232
5361,1725.09,1233
12887,2942.17,1234
1102,519.44,1235
2829,1358.1,1236
5115,1173.98,1237
3402,1158.34,1238
6233,3360.86,1239
3115,689.4,1240
2125,1212.69,1241
3103,1143.15,1242
1174,389.84,1243
5267,1499.4,1244
5171,2508.34,1245
8673,3148.96,1246
8537,2965.45,1247
8253,3492.14,1248
5105,1773.67,1249
2319,765.62,1250
3116,1206.28,1251
3705,1033.08,1252
2150,1083.94,1253
1199,344.34,1254
9954,3967.2,1255
5509,4805.5,1256
1343,606.25,1257
1032,715.63,1258
3955,994.35,1259
1414,1318.67,1260
2426,1492.79,1261
1976,1831.03,1262
8518,4177.71,1263
5153,1409.11,1264
7049,2175.2,1265
8621,3201.74,1266
6164,1392.68,1267
3203,1199.37,1268
2934,1506.93,1269
4890,1384.4,1270
3576,1340.11,1271
2819,1135.89,1272
1821,741.53,1273
349,87.6,1274
526,141.97,1275
393,133.02,1276
383,79.43,1277
2103,1128.55,1278
708,337.51,1279
1131,447.26,1280
1585,463.91,1281
1192,459.65,1282
427,87.08,1283
319,196.94,1284
618,239.86,1285
1368,380.18,1286
1092,542.22,1287
2966,1114.21,1288
2718,1494.1,1289
3646,1303.02,1290
2780,961.88,1291
3335,1204.41,1292
3283,1276.93,1293
3845,1356.71,1294
1661,631.7,1295
3929,1071.29,1296
2829,862.88,1297
6276,2796.83,1298
4467,1585.7,1299
3281,1030.99,1300
2978,1274.05,1301
4003,2149.48,1302
3058,936.52,1303
4198,2341.96,1304
2795,1145.74,1305
7026,3287.67,1306
6595,4669.66,1307
5464,1710.68,1308
4851,1920.74,1309
1399,563.71,1310
1326,385.6,1311
6252,2524.63,1312
2503,986.75,1313
5582,2912.54,1314
1893,657.54,1315
3089,1052.95,1316
1459,441.64,1317
856,277.19,1318
1053,763.1,1319
296,309.42,1320
1008,475.56,1321
592,115.03,1322
1152,605.94,1323
739,619.6,1324
194,442.24,1325
1258,438.91,1326
6578,1798.18,1327
6261,1913.19,1328
4497,1503.3,1329
10327,6255.28,1330
4904,2206.54,1331
5011,1715.42,1332
1701,803.02,1333
1500,535.83,1334
973,509.52,1335
6926,2228,1336
9963,1903.79,1337
5799,1424.35,1338
5402,1901.55,1339
8452,1635.13,1340
5715,1209.2,1341
2361,1038.89,1342
5822,2247.88,1343
3398,1556.09,1344
14341,2080.01,1345
6651,3898.57,1346
2317,528.54,1347
2428,1548.55,1348
8153,6871.07,1349
5753,2805.2,1350
5209,2093.65,1351
8403,4259.69,1352
3955,1607.93,1353
8783,4386.54,1354
2955,942.11,1355
3562,2206.39,1356
3534,1553.28,1357
1078,724.21,1358
22323,2260.16,1359
4914,2424.88,1360
7137,2190.7,1361
1180,1293.18,1362
4615,2052.27,1363
8091,1739.56,1364
2522,997.27,1365
756,563.46,1366
3047,1517.01,1367
3843,960.67,1368
2056,1075.29,1369
1964,664.27,1370
1557,767.89,1371
172,34.26,1372
1301,409.84,1373
4641,1326.09,1374
741,452.79,1375
702,272.83,1376
637,612.13,1377
5903,2340.22,1378
920,1507.16,1379
611,552.19,1380
396,297.55,1381
2713,719.04,1382
1434,298.62,1383
1838,993.19,1384
1339,518.64,1385
1640,494.3,1386
2448,915.56,1387
1050,701.42,1388
676,318.25,1389
3859,1458.31,1390
4742,2183.42,1391
3604,1509.02,1392
4070,1820.36,1393
7596,3503.02,1394
7204,2673.69,1395
5243,2565.71,1396
5366,2510.26,1397
3142,1083.22,1398
3240,980.81,1399
3673,1115.36,1400
7133,2558.52,1401
7456,3712.19,1402
6998,3377.22,1403
2683,1198.22,1404
4991,1482.8,1405
4290,2004.64,1406
3288,1228.84,1407
8239,1547.65,1408
4228,2835.98,1409
3068,2239.64,1410
9002,5987.8,1411
3414,4792.31,1412
10477,7857.86,1413
906,1545.21,1414
3703,3206.78,1415
4529,1620.98,1416
1355,1023.69,1417
3534,2360.76,1418
1408,611.44,1419
4553,1292.1,1420
1033,526.06,1421
1251,431.09,1422
2114,691.08,1423
6732,3396.72,1424
1510,595.52,1425
3629,1736.93,1426
4325,1378.71,1427
5556,3609.22,1428
4255,1929.82,1429
1131,498.14,1430
2706,1256.39,1431
18,28.21,1432
5310,2098.51,1433
208,394.91,1434
7826,2886.11,1435
3492,1153,1436
7691,3428.51,1437
4433,1807.63,1438
6425,2502.4,1439
4436,1752.87,1440
7325,4892.14,1441
2443,1919.2,1442
2037,2519.25,1443
12548,8097.77,1444
7535,4474.1,1445
1698,1735.02,1446
4821,3797.63,1447
2461,2598.07,1448
4467,1567.12,1449
5598,2234.1,1450
1819,1015.91,1451
6157,1879.28,1452
4418,1931.51,1453
7233,1407.66,1454
3929,1669.79,1455
2447,753.58,1456
3897,1258.44,1457
1674,690.39,1458
7188,1957.7,1459
3380,1589.03,1460
429,388.59,1461
2451,1518.44,1462
858,489.35,1463
1582,735.7,1464
2974,1397.28,1465
9283,7519.25,1466
3346,1489.53,1467
20922,9495.55,1468
4608,1608.63,1469
2559,1146.14,1470
6332,2005.56,1471
1915,1678.15,1472
1810,439.91,1473
3323,1062.01,1474
2233,1134.5,1475
2531,1878.19,1476
3026,614.73,1477
1323,572.34,1478
759,276.38,1479
3929,1054.17,1480
5169,3529.41,1481
2694,1267.28,1482
2209,675.36,1483
1909,525.01,1484
1893,905.21,1485
1085,327.05,1486
1906,699.37,1487
1179,552.6,1488
4819,1453.01,1489
3948,1698.3,1490
4707,2528.69,1491
4657,1931.1,1492
4189,721.25,1493
16817,8660.12,1494
3884,2092.59,1495
680,808.74,1496
1851,1802.57,1497
2009,772.68,1498
1495,542.58,1499
1200,485.82,1500
1803,756.18,1501
1769,820.01,1502
809,349.89,1503
2291,1533.88,1504
2165,2240.36,1505
5293,2700.51,1506
2079,590.94,1507
1399,836.78,1508
5139,3006.05,1509
3082,975.2,1510
3972,2391.46,1511
13730,5239.13,1512
3419,1794.86,1513
6618,3503.65,1514
1193,943.21,1515
2307,895.53,1516
8710,3415.28,1517
14013,1970.56,1518
9886,1847.33,1519
2010,1020.29,1520
544,194.97,1521
3887,1155.81,1522
7859,936.69,1523
7559,1030.14,1524
3887,1206.8,1525
6081,4043.84,1526
4445,1717.78,1527
5169,2611.44,1528
2952,1161.93,1529
686,258.37,1530
264,442.36,1531
1774,585.71,1532
4341,2533.56,1533
2702,2905.64,1534
794,532.96,1535
1721,783.49,1536
5307,2399.11,1537
1461,514.32,1538
7740,1984.05,1539
2075,716.88,1540
1195,900.74,1541
1519,750.35,1542
6173,1797.07,1543
5553,2312.69,1544
10868,5304.45,1545
8566,4097.08,1546
15129,7396.04,1547
18220,8687.16,1548
11922,5431.25,1549
8029,5089.67,1550
16020,7504.24,1551
10994,5357.56,1552
781,861.15,1553
972,1213.21,1554
1634,1756.19,1555
4322,3580.33,1556
7802,5426.66,1557
8825,6304.62,1558
5477,2766.67,1559
2612,1170.58,1560
3705,1294.09,1561
3691,604.46,1562
7142,3047.15,1563
5899,2320.04,1564
9049,2662.29,1565
4447,1766.39,1566
4662,1869.24,1567
9731,3936.37,1568
4504,2144.31,1569
11684,7959.79,1570
3087,1147.43,1571
2755,1166.13,1572
1542,616.86,1573
2763,1261.15,1574
3107,1075.15,1575
2379,747.28,1576
3399,1015.51,1577
5589,2953.01,1578
6395,4640.92,1579
5551,3378.49,1580
8376,5395.82,1581
11658,6513.23,1582
4452,1352.57,1583
3229,2100.46,1584
5260,3123.44,1585
4785,3673.17,1586
3644,2492.84,1587
2902,1719.51,1588
2810,1214.51,1589
2154,1093.77,1590
3540,1703.97,1591
2290,880.54,1592
4357,1008.64,1593
2338,1522.65,1594
1500,1211.62,1595
1134,510.19,1596
577,517.65,1597
707,346.73,1598
956,751.81,1599
1761,1216.63,1600
1501,541.41,1601
2489,1031.98,1602
6509,2888.59,1603
4240,2142.51,1604
989,675.58,1605
2127,1169.73,1606
1875,662.59,1607
3443,1458.81,1608
4041,1676.1,1609
1896,805.12,1610
11355,4338.33,1611
14338,8146.43,1612
14299,9616.65,1613
2933,1354.17,1614
13377,5859.81,1615
5781,3560.16,1616
4766,2526.88,1617
1794,831.06,1618
3501,1334.89,1619
3319,899.5,1620
2812,1006.82,1621
2099,732.33,1622
3234,1274.74,1623
1222,565.2,1624
5622,2496.13,1625
4453,3336.55,1626
1892,917.16,1627
7712,5028.37,1628
3262,1882.45,1629
6497,4214.48,1630
5913,451.06,1631
586,531.08,1632
1591,549.23,1633
2450,996.86,1634
1096,410.05,1635
1244,754.38,1636
6748,2954.39,1637
6700,3135.95,1638
2053,1119.13,1639
3212,1299.11,1640
4161,1754.07,1641
4928,1810.04,1642
5300,941.77,1643
10694,946.54,1644
2666,870.45,1645
1306,574.32,1646
1518,596.38,1647
556,2458.03,1648
8034,4522.4,1649
4190,3160.18,1650
3925,2550.74,1651
4219,1936.47,1652
11824,5489.33,1653
3689,1696.8,1654
1845,645.26,1655
3753,1935.54,1656
3334,1664.67,1657
3784,1494.68,1658
2995,1107.61,1659
4362,1370.06,1660
2997,1543.99,1661
3810,1757.22,1662
6477,3243.7,1663
8850,4525.65,1664
3243,2086.96,1665
7107,3276.1,1666
2905,1298.88,1667
4778,1886.84,1668
7625,4518.9,1669
948,331.25,1670
2982,1186.4,1671
4683,2148.98,1672
4101,1965.12,1673
11105,5666.71,1674
6779,4666.12,1675
6474,1557.58,1676
3801,1124.46,1677
1380,391.2,1678
7527,2667.6,1679
2070,803.81,1680
3036,921.15,1681
3806,1087.65,1682
2767,1048.98,1683
6101,3023.4,1684
3781,1010.78,1685
4057,700.34,1686
3709,1123.8,1687
5869,4988.54,1688
2853,1634.12,1689
2963,1347.95,1690
3742,1548.05,1691
3606,1099.3,1692
2156,676.06,1693
3861,1187.53,1694
3327,1225.05,1695
5948,1766.82,1696
1890,638.27,1697
1886,1402.48,1698
4124,2177.58,1699
3960,1213.86,1700
3201,1285.85,1701
1057,266.52,1702
8835,3108.63,1703
70,1211.59,1704
916,711.87,1705
4568,1667.19,1706
5525,2362.68,1707
653,430.34,1708
4023,867.97,1709
4436,1425.02,1710
773,381.98,1711
1950,951.03,1712
958,436.72,1713
2800,936.26,1714
6231,1431.57,1715
3254,1536.84,1716
5902,3298.83,1717
12759,7413.54,1718
7281,2538.95,1719
8823,4235.15,1720
5048,2110.45,1721
2435,1293.64,1722
2341,1424.93,1723
6520,1555.52,1724
2969,840.53,1725
3742,1146.18,1726
4474,1260.38,1727
5903,2592.05,1728
7520,2110.21,1729
3570,1311.95,1730
10210,5300.51,1731
3148,1108.78,1732
23824,10909.51,1733
5057,1694.43,1734
3830,1692.66,1735
3315,1807.95,1736
4327,1333.7,1737
143,996.56,1738
710,1009.77,1739
907,280.28,1740
2130,749.8,1741
773,355.94,1742
3645,929.67,1743
686,203.29,1744
1337,499.5,1745
1738,772.56,1746
953,214.44,1747
4251,1693.36,1748
4787,2410.6,1749
4041,1630.71,1750
2493,1002.11,1751
5485,3172.22,1752
3056,826.46,1753
4739,1345.59,1754
5392,2159.37,1755
2246,864.42,1756
3825,2364.62,1757
1357,1019.46,1758
4417,1436.93,1759
2720,1672.04,1760
2046,619.25,1761
789,358.89,1762
2119,711.16,1763
2033,674.7,1764
2528,958.94,1765
1612,822.11,1766
941,577.87,1767
884,956.06,1768
3854,1510.24,1769
4106,1604.67,1770
664,563.99,1771
1507,1065.18,1772
356,411.72,1773
5955,2105.04,1774
1669,865.99,1775
5664,1603.1,1776
1839,1498.22,1777
6236,1795.56,1778
2378,1934.38,1779
851,702.31,1780
5994,3888.11,1781
2646,1019.4,1782
5356,2622.73,1783
2207,1035.45,1784
1672,665.33,1785
1470,739.78,1786
909,443.28,1787
2439,861.57,1788
1367,1010.68,1789
2725,916.74,1790
4223,1617.35,1791
6470,3286.68,1792
8307,3659.74,1793
10660,7184.36,1794
12035,3878.26,1795
10980,7230.03,1796
6760,3245.82,1797
6816,3779.28,1798
2896,2209.44,1799
3935,1446.38,1800
6532,2674.61,1801
5308,2387.56,1802
2374,838.56,1803
6552,3632.41,1804
2457,1118.86,1805
2134,979.17,1806
2442,739.23,1807
4343,851.88,1808
3674,1999.5,1809
5070,1025.42,1810
7673,3709.3,1811
5190,2297.41,1812
6012,1338.42,1813
3913,960.73,1814
3772,766.98,1815
3008,802.78,1816
2154,987.58,1817
2485,722.23,1818
1412,507.14,1819
1444,665.93,1820
3984,1562.78,1821
3424,1002.74,1822
3564,2619.58,1823
1035,329.58,1824
1150,880.09,1825
1835,857.93,1826
4603,647.3,1827
1313,989.46,1828
1774,660.77,1829
1658,805.51,1830
9451,7418.54,1831
7162,3337.59,1832
5069,2770.3,1833
2356,1240.95,1834
3146,1139.99,1835
3224,1344.33,1836
2917,1439.93,1837
4113,1706.06,1838
1315,826.38,1839
2053,803.46,1840
2508,1026.85,1841
1719,782.7,1842
1438,424.12,1843
4609,1824.23,1844
1112,483.47,1845
5398,3366.27,1846
4613,2209.27,1847
5685,3427.37,1848
4436,2543.8,1849
1993,1127.66,1850
557,385.62,1851
487,348.9,1852
4348,1100.18,1853
5615,2249.37,1854
6327,1661.41,1855
1973,870.59,1856
3755,1575.06,1857
3169,1493.71,1858
2735,991.92,1859
1145,376.8,1860
3206,2912.99,1861
2331,687.99,1862
3095,967.15,1863
450,358.16,1864
1253,831.38,1865
3201,1083.48,1866
4158,1774.46,1867
3517,1692.33,1868
3513,1172.13,1869
2779,1742.24,1870
6724,1539.56,1871
3994,2276.38,1872
4206,608.7,1873
641,415.12,1874
1768,824.54,1875
2118,1180.89,1876
3930,1540.46,1877
6149,3533.8,1878
6988,4197.53,1879
3743,2109.57,1880
5267,1935.78,1881
2028,1087.6,1882
1582,631.76,1883
4088,1604.47,1884
1211,706.12,1885
2433,576.84,1886
2094,569.34,1887
1197,534.24,1888
2767,771.94,1889
1114,516.35,1890
1049,340.97,1891
848,343.93,1892
263,155.46,1893
2410,913.41,1894
412,61.25,1895
1429,734.78,1896
21996,9884.6,1897
36,192.31,1898
382,147.99,1899
3840,1227.22,1900
2103,527.97,1901
1684,1029.84,1902
1709,1358.75,1903
732,293.29,1904
1897,350.17,1905
1427,369.07,1906
1711,616.88,1907
2025,1139.66,1908
877,856.41,1909
3685,2648.44,1910
1011,557.51,1911
2807,994.82,1912
14071,2814.17,1913
8145,3533.75,1914
2576,813.22,1915
1094,625.92,1916
146,176.62,1917
4367,2509.33,1918
6670,3394.99,1919
1577,334.53,1920
962,387.08,1921
2280,961.32,1922
2094,927.88,1923
1070,468.75,1924
1893,1123.11,1925
2654,759.38,1926
1829,414.48,1927
1177,618.4,1928
9645,5063.49,1929
12102,2298.94,1930
4354,2562.5,1931
4842,4908.44,1932
1899,524.52,1933
3294,1548.17,1934
2971,1030.96,1935
6281,2345.4,1936
3885,2162.74,1937
2429,861.59,1938
6437,2821.11,1939
683,562.91,1940
7553,2024.07,1941
10903,2823.52,1942
1489,437.94,1943
254,182.14,1944
654,299.15,1945
1834,893.81,1946
2331,488.57,1947
261,170.34,1948
232,320.01,1949
5818,1768.42,1950
1649,828.65,1951
8186,2373.07,1952
8848,2301.71,1953
3360,807.28,1954
5547,1710.49,1955
8519,5003.69,1956
7453,2305.47,1957
9082,3312.74,1958
4979,2862.08,1959
2755,934.9,1960
5400,1971.39,1961
6697,1968.42,1962
2186,639.06,1963
6421,1324.44,1964
3639,1554.4,1965
6998,2483.9,1966
969,310.7,1967
6131,1992.74,1968
11204,2422.97,1969
12090,7501.54,1970
4820,3688.45,1971
5139,1720.3,1972
5737,2281.83,1973
7856,4152.06,1974
6553,4188.82,1975
15486,5880.29,1976
9157,3961.45,1977
1277,232.17,1978
4088,1876.01,1979
1915,1334.47,1980
2799,1538.24,1981
734,1076.9,1982
19141,8140.52,1983
6030,3262.77,1984
2218,1107.18,1985
696,535.3,1986
4794,3452.4,1987
4744,2279.93,1988
5728,2808.51,1989
12494,4755.99,1990
12201,4628.72,1991
672,308.27,1992
1979,963.28,1993
150,32.36,1994
857,669.48,1995
791,1173.16,1996
556,936.13,1997
6686,2842.29,1998
2790,1171.73,1999
1590,580.71,2000
1455,466.35,2001
3037,1201.83,2002
3511,1233.99,2003
6128,3442.18,2004
8167,3286.04,2005
2839,2143.88,2006
11010,6337.14,2007
12616,5794.52,2008
5450,1760.16,2009
2949,965.51,2010
7430,2463.85,2011
2795,2458.66,2012
7649,2321.41,2013
4353,3364.37,2014
4866,4055.2,2015
632,194.61,2016
1484,810.36,2017
3,2.06,2018
1877,972.31,2019
509,103.15,2020
8051,4379.29,2021
10167,2370.98,2022
3752,1529.74,2023
12705,1461.26,2024
2317,1039.01,2025
3166,1292.01,2026
2143,872.91,2027
3925,1666.62,2028
1139,1191.72,2029
3085,1012.46,2030
2014,1064.69,2031
2243,989.99,2032
11089,9048.42,2033
510,619.44,2034
802,727.66,2035
1632,1260.21,2036
699,893.99,2037
1545,1008.21,2038
3489,1311.09,2039
2097,912.1,2040
1311,725.43,2041
1670,506.39,2042
224,200.97,2043
899,545,2044
1814,863.32,2045
2474,594.21,2046
344,85.84,2047
1231,771.43,2048
2096,1140.34,2049
429,169.88,2050
2597,1383.99,2051
744,446.48,2052
461,300.64,2053
551,209.33,2054
372,160.84,2055
1052,511.83,2056
985,721.77,2057
966,576.69,2058
2088,1345.08,2059
7158,4925.85,2060
2341,1009.78,2061
1135,306.14,2062
1249,726.03,2063
1954,1054.17,2064
719,374.68,2065
5053,1586.51,2066
11940,6193.96,2067
1238,830.7,2068
5999,2459.61,2069
6736,3077.29,2070
1766,548.09,2071
1579,506.48,2072
939,416.47,2073
627,68.05,2074
339,246.6,2075
1159,317.76,2076
9529,3942.84,2077
4549,1485.89,2078
3955,2772.3,2079
719,637.1,2080
200,141.97,2081
3044,1582.29,2082
1823,833.15,2083
7596,3889.56,2084
5757,3414.11,2085
4019,1507.41,2086
3472,1597.12,2087
1574,919.54,2088
131,96.6,2089
2393,837.29,2090
1012,1237.24,2091
937,820.95,2092
1485,419.53,2093
1165,397.32,2094
1137,516,2095
682,180.19,2096
2269,592.38,2097
2280,1034.89,2098
16412,5229.36,2099
7913,4394.16,2100
2681,582.94,2101
1974,547.08,2102
836,641.53,2103
415,338.19,2104
3631,1643.37,2105
3484,1952.9,2106
2832,928.97,2107
2659,981.18,2108
4391,2906.32,2109
2171,909.3,2110
2827,924.76,2111
1243,471.48,2112
2124,586.63,2113
2534,953.56,2114
3262,1385.48,2115
1706,682.96,2116
1724,1211.5,2117
15480,4798.28,2118
9903,4174.42,2119
605,217.51,2120
6182,1950.02,2121
5196,1282.34,2122
10242,3670.8,2123
478,321.71,2124
4400,2074.59,2125
3091,1457.07,2126
2501,1666.33,2127
4930,2089.16,2128
5834,3158.92,2129
4779,4259.5,2130
2992,726.45,2131
1603,484.6,2132
1100,272.5,2133
1542,194.32,2134
3406,1840.01,2135
1451,416.66,2136
734,119.76,2137
2411,1105.99,2138
4688,1425,2139
3885,1555.51,2140
1964,367.88,2141
3015,1035.28,2142
3005,1217.53,2143
6007,5050.97,2144
10580,9435.79,2145
8631,4698.49,2146
1651,845.11,2147
7364,1796.18,2148
2313,748.64,2149
925,409.48,2150
2456,689.17,2151
5104,1487.72,2152
6997,2095.34,2153
4295,1241.94,2154
2927,945.31,2155
1451,798.69,2156
5027,1537.42,2157
10257,3089.86,2158
5965,1737.34,2159
4680,854.4,2160
4470,1134.73,2161
5109,1520.75,2162
4809,1408.16,2163
8478,4160.78,2164
2486,876.9,2165
9013,3470.15,2166
3035,1502.54,2167
6558,3308.07,2168
1460,1158.09,2169
3579,2411.53,2170
2018,1068.55,2171
9327,9237.11,2172
169,91.86,2173
1922,729.94,2174
922,633.77,2175
3053,1044.93,2176
1820,631.9,2177
582,332.26,2178
3380,1280.59,2179
1810,486.92,2180
964,596.4,2181
901,422.21,2182
3080,1510.71,2183
2656,1288.12,2184
1116,3131.69,2185
5768,2699.35,2186
3120,1514.1,2187
4249,2122.79,2188
3637,2606.01,2189
4236,1904.74,2190
9260,4828.82,2191
5433,1848.17,2192
4560,1535.19,2193
5194,2066.44,2194
8221,2339.14,2195
2662,558.73,2196
1443,782.94,2197
6991,2176.6,2198
8152,2495.75,2199
7618,2235.95,2200
1001,186.33,2201
3251,1096.07,2202
7128,2543.76,2203
6239,1712.02,2204
4540,1121.58,2205
2731,736.98,2206
5455,1357.69,2207
6206,2658.75,2208
870,302.4,2209
2793,856.5,2210
1132,353.49,2211
1155,576.76,2212
3208,1809.64,2213
5149,2149.85,2214
4280,2243.48,2215
5954,1895.88,2216
5403,1922.95,2217
2322,734.06,2218
877,362.84,2219
1620,923.82,2220
2327,1158.81,2221
5457,2320.75,2222
1149,408.88,2223
5966,1949.98,2224
1103,261.03,2225
2151,737.17,2226
7974,2751.82,2227
1656,994.61,2228
3646,1548.75,2229
6058,1614.44,2230
6163,2193.05,2231
742,518.12,2232
2503,1006.38,2233
3360,1302.93,2234
3923,1926.2,2235
8083,5402.81,2236
3810,1495.91,2237
2047,767.33,2238
760,389.39,2239
6350,1611.37,2240
7458,2338.05,2241
6511,2323.72,2242
1149,458.88,2243
10306,3703.82,2244
3739,917.14,2245
8143,2069.08,2246
6321,2441.83,2247
4500,977.2,2248
1225,1750.48,2249
2155,1434.53,2250
6813,3020.24,2251
12098,4173.32,2252
1614,1231.62,2253
1858,1131.27,2254
6898,5771.44,2255
2105,1279.52,2256
7249,2496.52,2257
2557,1418.61,2258
6122,2152.48,2259
4057,1936.49,2260
1265,567.67,2261
388,187.35,2262
336,210.44,2263
1028,565.18,2264
1567,842.24,2265
974,538.31,2266
4548,1196.31,2267
4882,2623.62,2268
2527,1758.29,2269
3877,2866.53,2270
1302,412.47,2271
2876,1147.95,2272
2116,1166.79,2273
24,743.81,2274
410,274.01,2275
1282,803.09,2276
1513,894.49,2277
1559,1302.4,2278
3190,1204.68,2279
2458,1493.46,2280
3996,1539.83,2281
2017,2387.02,2282
3432,1203.34,2283
4598,2181.84,2284
2571,1034.46,2285
1856,1492.96,2286
2283,972.94,2287
1389,1575.08,2288
316,278.27,2289
813,351.08,2290
807,778.35,2291
1740,1240.7,2292
2494,2451.64,2293
794,1060.27,2294
7712,3306.07,2295
2459,1898.77,2296
2997,1302.74,2297
4489,2423.43,2298
1711,807.61,2299
4270,1300.4,2300
1767,1077.98,2301
4815,1124.71,2302
1374,578.66,2303
1614,1480.89,2304
3210,2236.2,2305
2128,1035.82,2306
6779,2573.92,2307
1147,556.96,2308
30111,19220.01,2309
5012,2041.21,2310
6748,3596.2,2311
5439,1600.19,2312
2005,1729.35,2313
3688,2264.16,2314
3061,779.89,2315
3171,1182.97,2316
3946,1380.29,2317
9176,3279.73,2318
10769,2388.57,2319
5718,2680.14,2320
13209,5042.83,2321
8688,3506.62,2322
11841,3569.92,2323
10985,5427.84,2324
3518,1185.05,2325
11087,2269.82,2326
4102,1596.55,2327
2333,994.49,2328
2044,1336.54,2329
2666,954.28,2330
1369,637.46,2331
1077,39.92,2332
860,122.18,2333
962,241.36,2334
239,23.71,2335
4095,1161.35,2336
2780,600.8,2337
592,192.41,2338
1490,594.14,2339
1358,1051.29,2340
3020,1095.02,2341
4926,4256.6,2342
1436,611.18,2343
2309,1076.25,2344
6654,1214.63,2345
2269,494.09,2346
2371,808.22,2347
1711,531.61,2348
1181,497.37,2349
6987,3599.92,2350
2740,1062.21,2351
5062,2099.96,2352
6808,2821.56,2353
1468,648.93,2354
3199,1015,2355
4836,3086.49,2356
7322,3157.3,2357
2328,1025.42,2358
2510,865.79,2359
1914,445.4,2360
2418,784.26,2361
1110,451.44,2362
8479,4335.67,2363
956,740.24,2364
4683,2280.98,2365
17178,5928.21,2366
4341,1662.69,2367
6522,2056.7,2368
1533,511.49,2369
6197,2164.79,2370
10565,4859.34,2371
2386,935.16,2372
7051,9224.88,2373
6224,2053.92,2374
3103,1055.25,2375
4142,1507.83,2376
942,422.85,2377
375,57.05,2378
1745,959.74,2379
1192,467.11,2380
498,296.14,2381
250,133.86,2382
3997,1523.72,2383
3451,901.69,2384
1474,355.05,2385
4033,829.98,2386
8471,2170.98,2387
11419,4920.29,2388
6770,2497.9,2389
8363,6253.04,2390
10179,5973.72,2391
8008,5884.99,2392
5395,2690.68,2393
17737,8277.72,2394
11959,5712.09,2395
8655,2623.71,2396
12447,6401.98,2397
12758,5086.38,2398
10373,3466.37,2399
11368,4071.99,2400
4745,4598.24,2401
3704,1267.87,2402
7726,10952.99,2403
1584,829.33,2404
5321,1955,2405
8243,3443.42,2406
5464,2727.1,2407
12411,3535.96,2408
10735,3818.6,2409
7201,4156.95,2410
10598,2769.95,2411
4011,1775.39,2412
5915,2786.34,2413
9376,3446.78,2414
5726,3233.73,2415
9335,3820.46,2416
7865,4544.51,2417
6505,2000.03,2418
9871,4313.52,2419
5605,1463.59,2420
6275,2857.16,2421
2582,1356.72,2422
3757,1476.11,2423
2374,1760.68,2424
9185,4794.27,2425
4940,2183.21,2426
9785,3339.69,2427
7837,2646.81,2428
3466,770.83,2429
3194,515.12,2430
5166,1793.64,2431
6568,1753.59,2432
7797,1646.12,2433
8966,2740.05,2434
5245,1952.48,2435
1825,695.7,2436
895,308.52,2437
1546,630.39,2438
1094,579.69,2439
20859,8777.03,2440
21275,8102.46,2441
3496,1477.23,2442
3159,1179.52,2443
5693,2963.75,2444
3777,2852.72,2445
914,603.94,2446
1248,498.64,2447
1478,603.27,2448
923,335.89,2449
1279,416.4,2450
3241,1694.4,2451
2522,1779.75,2452
13084,3448.09,2453
10111,3801.11,2454
7427,1962.69,2455
5101,1233.6,2456
1286,349.78,2457
1172,540.14,2458
733,275.59,2459
4627,2771.89,2460
2448,1093.74,2461
7282,2413.24,2462
5265,1235.72,2463
5566,733.16,2464
12449,3907.22,2465
8419,3190.43,2466
4977,1194.12,2467
8316,2548.02,2468
5698,2159.09,2469
13226,3097.15,2470
3004,670.22,2471
7955,1885.07,2472
9732,2683.14,2473
5462,2283.72,2474
8611,3733.4,2475
13391,6714.2,2476
3821,2018.51,2477
3604,1258.9,2478
7539,3630.73,2479
2776,1312.33,2480
14272,6077.71,2481
6376,1420.16,2482
3686,1150.03,2483
2369,728.46,2484
9133,5370.93,2485
9262,2836.11,2486
4507,2216.41,2487
5302,1687.05,2488
2802,1179.34,2489
3116,1603.46,2490
5945,2424.92,2491
3156,1182.76,2492
6448,1780.35,2493
6214,2218.73,2494
3104,875.84,2495
7346,2145.99,2496
2377,562.48,2497
5180,1410.78,2498
7276,1459.62,2499
4289,1075.73,2500
1853,572.75,2501
7016,1172.91,2502
3821,694.76,2503
1664,723.34,2504
4526,1353.63,2505
3981,1113.03,2506
2251,607.6,2507
6852,2264.3,2508
2444,790.96,2509
3214,935.62,2510
3953,1587.32,2511
3867,1348.73,2512
5466,2971.54,2513
7651,3922.53,2514
7111,3256.89,2515
6304,1354.87,2516
7338,1800.42,2517
1468,526.44,2518
2997,1088.61,2519
6620,5252.37,2520
4653,3702.53,2521
1341,1011.95,2522
3307,2237.56,2523
10191,5169.36,2524
2719,959.39,2525
10385,4778,2526
8122,2238.66,2527
5936,1159.3,2528
1662,478.84,2529
8921,5121.17,2530
2945,1034.26,2531
2696,630.52,2532
4491,1918.83,2533
6739,1882.09,2534
4898,1507.51,2535
5625,1604.66,2536
13523,5192.54,2537
8391,1755.11,2538
1895,530.74,2539
3542,1236.57,2540
4275,1109.34,2541
3212,1440.26,2542
1786,551.57,2543
1695,774.95,2544
1774,459.88,2545
799,400.24,2546
519,453.65,2547
640,298.14,2548
7635,1615.21,2549
2522,950.45,2550
1019,337.68,2551
2992,1262.08,2552
4105,1198.37,2553
5609,2524.44,2554
1604,478.76,2555
3153,3906.46,2556
5521,1880.27,2557
2787,1884.87,2558
3239,980.71,2559
6854,1412.06,2560
9165,2642.81,2561
3178,890.16,2562
7258,1145.76,2563
22219,10618.45,2564
3996,1922.74,2565
6284,2883.78,2566
4648,1493.97,2567
2107,544.7,2568
11381,4396.44,2569
14850,11103.16,2570
3505,2790.84,2571
2463,1647.8,2572
4375,2499.06,2573
3557,3796.97,2574
2243,1039.52,2575
5592,2565.57,2576
2373,1247.92,2577
3852,2134.06,2578
2963,751.62,2579
4364,1891.42,2580
7247,2560.61,2581
4364,1493.3,2582
1337,1525.72,2583
4464,2436.74,2584
3817,1270.2,2585
11580,4544.41,2586
15363,4737.43,2587
5490,2519.41,2588
8382,4962.9,2589
3962,2498.83,2590
10224,2804.41,2591
4006,1494.93,2592
3333,1367,2593
4142,1548.4,2594
5723,2930.16,2595
3719,2522.17,2596
2550,1406.16,2597
5563,4166.36,2598
5653,3893.27,2599
4794,2390.53,2600
2956,863.74,2601
4805,2759.97,2602
2304,918.87,2603
1309,549.23,2604
7451,1609.67,2605
4509,919.16,2606
1857,438.34,2607
5078,4204.29,2608
8563,2420.17,2609
4298,1104.09,2610
4993,794.4,2611
3360,468.16,2612
3184,1016.4,2613
1397,278.02,2614
1914,561.12,2615
5372,1428.03,2616
8750,2402.09,2617
8083,2408.2,2618
5613,1885.57,2619
2729,1195.25,2620
2405,978.13,2621
6102,3299.69,2622
1940,924.79,2623
9428,4128.47,2624
3013,1096.13,2625
4290,2691.2,2626
10780,5528.01,2627
6724,1800.26,2628
6828,2296.28,2629
2743,752,2630
5090,1696.53,2631
3111,1407.7,2632
3895,1781.24,2633
5962,2199.59,2634
6631,2430.12,2635
4178,2061.61,2636
1781,2089.88,2637
2376,4393.14,2638
1446,863.42,2639
2668,514.9,2640
11361,2977.59,2641
11458,3492.12,2642
2407,719.81,2643
3505,2086.49,2644
3199,1100.55,2645
3662,1454.81,2646
7000,2472.12,2647
1047,888.87,2648
3373,1790.22,2649
2253,1273.58,2650
2815,1347.67,2651
3362,1272.54,2652
2574,973.54,2653
1415,508.25,2654
2171,677.39,2655
2079,720.79,2656
5511,2335.98,2657
1016,340.89,2658
1472,502.65,2659
2198,671.19,2660
3789,1086.57,2661
4571,557.54,2662
4690,909.5,2663
2149,210.36,2664
5872,1427.78,2665
7528,3435.49,2666
7836,4002.03,2667
5775,1911.08,2668
327,115.07,2669
944,218.05,2670
1331,467.13,2671
3813,977.13,2672
762,283.06,2673
2827,1096.88,2674
1482,597.03,2675
990,377.53,2676
7339,2284.71,2677
1761,501.62,2678
2961,1237.99,2679
4066,1165.8,2680
1942,608.63,2681
1652,615.71,2682
2106,544.76,2683
2300,584.78,2684
1618,377.34,2685
4922,1052.17,2686
628,126.5,2687
1120,127.58,2688
1577,361.07,2689
1760,209.08,2690
678,64.6,2691
438,32.2,2692
4508,556.7,2693
1854,800.19,2694
488,120.52,2695
2539,875.07,2696
1064,374.42,2697
2408,682.6,2698
2366,726.91,2699
1847,418.16,2700
2966,957.57,2701
1016,388.61,2702
4385,1517.63,2703
3850,1439.65,2704
4598,1620.67,2705
8257,3744.63,2706
9046,6184.01,2707
1829,614.39,2708
2689,925.13,2709
4599,1350.48,2710
2013,880.99,2711
609,207.26,2712
3174,1409.3,2713
3864,1279.24,2714
1291,483.82,2715
1396,534.57,2716
4599,1209.21,2717
2592,664.68,2718
1763,641.72,2719
2053,868.22,2720
1379,806.54,2721
5500,1829.94,2722
3980,1246.25,2723
4165,1715.78,2724
1349,385.27,2725
952,372.6,2726
1064,582.93,2727
3583,2783.38,2728
5667,3372.58,2729
1531,664.21,2730
728,252.72,2731
5023,958.49,2732
3299,905.09,2733
2408,631.45,2734
3902,737.59,2735
2279,468.96,2736
4105,1044.61,2737
7709,3913.59,2738
6436,4147.08,2739
1178,823.49,2740
3399,1193.44,2741
1763,653.56,2742
2596,1293.17,2743
4115,638.14,2744
1035,275.07,2745
1313,438.31,2746
2335,660.52,2747
441,198.66,2748
1005,326.67,2749
1973,647.7,2750
1939,892.79,2751
4609,1815.84,2752
3260,907.95,2753
1785,2979.22,2754
1331,764.53,2755
2254,1112.28,2756
2498,2007.81,2757
1314,498.01,2758
1298,1710.29,2759
939,1310.83,2760
1709,577.56,2761
1529,719.32,2762
2371,904.71,2763
1722,744.78,2764
3812,1306.91,2765
2691,811.2,2766
2168,651.64,2767
3170,1338.74,2768
4849,1548.79,2769
4831,2122.38,2770
2054,664.36,2771
1769,445.67,2772
1717,1123.95,2773
2481,1049.3,2774
1347,715.76,2775
2157,758.84,2776
1348,587.34,2777
1289,812.79,2778
3607,1829.37,2779
215,264.68,2780
4007,1719.57,2781
3571,1308.98,2782
3799,1756.18,2783
1633,449.52,2784
2683,686.32,2785
1305,571.42,2786
1937,1438.77,2787
2073,1438.5,2788
1687,385.43,2789
4152,1769.29,2790
4979,1653.59,2791
1969,1289.85,2792
1888,681.17,2793
8041,2625.32,2794
3919,1398.03,2795
1531,720.86,2796
1361,523.48,2797
976,490.43,2798
6211,3077.08,2799
2278,1018.84,2800
2166,686.55,2801
1939,628.36,2802
2720,1071.59,2803
1363,770.77,2804
3494,1346.5,2805
1792,731.54,2806
1778,1156.23,2807
9877,3270.42,2808
1024,593.39,2809
1095,454.19,2810
1156,458.63,2811
2414,833.63,2812
5271,1976.04,2813
1535,865.64,2814
2250,1036.3,2815
1921,1081.43,2816
2453,921.72,2817
3038,1990.28,2818
3597,3508.96,2819
1557,933.98,2820
2119,1459.54,2821
1673,867.75,2822
1758,637.29,2823
4136,1508.47,2824
5651,3474.03,2825
5394,2889.06,2826
7042,2755.63,2827
1234,935.63,2828
2818,1457.12,2829
2053,751.62,2830
334,277.56,2831
1954,782.03,2832
4730,3269.53,2833
1944,1030.61,2834
2733,1322.91,2835
1777,1064.96,2836
2720,1317,2837
2766,1038.07,2838
7995,1868.09,2839
5062,1858.75,2840
3426,1404.67,2841
2675,1181.94,2842
7658,1381.09,2843
2001,798.14,2844
815,153.91,2845
1378,834.17,2846
1714,352.09,2847
1864,522.79,2848
1320,642.01,2849
2263,775.73,2850
1019,361.68,2851
1493,622.48,2852
2207,1326.23,2853
486,359.44,2854
587,555.84,2855
601,299.77,2856
360,334.02,2857
604,1058.04,2858
589,547.77,2859
1568,687.43,2860
1171,291.76,2861
6698,1840.21,2862
2258,1167.11,2863
1410,880.63,2864
2847,642.6,2865
1349,678.96,2866
1428,418.42,2867
2150,1238.15,2868
2227,781.82,2869
1500,614.02,2870
2233,640.98,2871
1212,265.77,2872
334,218.51,2873
2785,1328.7,2874
1315,670.38,2875
2475,936.51,2876
1524,527.99,2877
1491,425.24,2878
400,468.14,2879
3656,584.28,2880
1716,1046.98,2881
469,483.21,2882
446,408.59,2883
383,230.11,2884
855,401.19,2885
561,315.83,2886
780,322.93,2887
1375,321.11,2888
1409,680.36,2889
1095,443.18,2890
2021,400.3,2891
1462,340.12,2892
276,611.68,2893
396,815.66,2894
88,175.99,2895
1535,1188.21,2896
282,324.21,2897
283,558.5,2898
428,632.77,2899
1074,700.12,2900
211,443.74,2901
285,189.23,2902
723,364.67,2903
3165,1093.63,2904
698,378.99,2905
40,99.07,2906
146,265.79,2907
158,127.55,2908
425,90.69,2909
533,279.63,2910
487,446,2911
225,85.6,2912
280,292.22,2913
67,70.02,2914
708,184.47,2915
372,185.88,2916
1796,620.51,2917
1118,481.42,2918
2614,706.94,2919
884,625.12,2920
1120,404.09,2921
8,77.87,2922
654,506.73,2923
1766,844.71,2924
1646,581.12,2925
2683,764.94,2926
458,465.29,2927
882,461.6,2928
1135,672.64,2929
471,284.17,2930
1513,864.89,2931
2591,1804.29,2932
10026,7782.67,2933
3752,2347.64,2934
2607,1076.83,2935
2397,1746.2,2936
7444,1480,2937
6007,2395.44,2938
5059,2107.7,2939
5040,2462.82,2940
3323,1081.3,2941
1182,727.14,2942
3898,1988.05,2943
2141,687.09,2944
1975,558.13,2945
3091,1553.12,2946
9228,2108.88,2947
2065,773.38,2948
7617,1421.48,2949
3855,2361.91,2950
4338,4259.13,2951
1814,1013.82,2952
2832,1409.53,2953
736,621.99,2954
626,1188.92,2955
2469,1022.09,2956
1605,1508.96,2957
6429,6706.76,2958
18275,11629.99,2959
5545,3035.05,2960
4890,3380.63,2961
5922,3407.9,2962
2853,1184.96,2963
6347,2227.54,2964
6849,3664.56,2965
4285,2284.92,2966
1597,674.84,2967
4477,1913.53,2968
3800,1114.86,2969
3178,840.37,2970
1716,541.14,2971
4346,2957.41,2972
5380,2013.56,2973
5520,3253.7,2974
5080,2298.82,2975
2988,1099.85,2976
2367,966.81,2977
1847,1211.57,2978
3034,1314.62,2979
1607,861.35,2980
607,1423.54,2981
1645,1170.36,2982
5331,1365.98,2983
3211,1112.48,2984
5990,1593.56,2985
2842,1088.42,2986
4914,1856.89,2987
4937,1173.64,2988
3440,1508.11,2989
7188,2841.65,2990
3655,2323.32,2991
8327,2518.06,2992
4204,2059.45,2993
4325,3768.06,2994
5980,2358.11,2995
3694,1085.41,2996
4334,1922.9,2997
3446,3846.49,2998
2544,1266.12,2999
3484,1251.16,3000
1421,631.05,3001
3635,1031.21,3002
1651,866.06,3003
3153,1426.37,3004
0,1403.1,3005
5595,2429.44,3006
8021,2601.72,3007
5370,1676.81,3008
4076,1593.09,3009
6903,2395.48,3010
4004,1912.78,3011
805,570.97,3012
5275,2425.23,3013
6576,2441.81,3014
4146,2273.19,3015
9890,4158.62,3016
4411,2458.27,3017
6293,3318.26,3018
9438,5134.3,3019
5059,3402.25,3020
1229,446.56,3021
3439,2232.7,3022
2135,641.63,3023
2407,1249.35,3024
1985,865.18,3025
3286,1476.72,3026
2441,1494.53,3027
1136,559.73,3028
8629,2311.13,3029
1842,1143.65,3030
1014,418.4,3031
760,976.87,3032
1373,353.33,3033
2487,1113.92,3034
2895,999.12,3035
1774,420.89,3036
2246,1060.32,3037
1994,940.06,3038
1529,449.63,3039
1434,383.45,3040
1163,692.36,3041
1159,361.63,3042
3077,576.25,3043
1867,629.47,3044
5215,2046.97,3045
14133,10634.55,3046
3941,1461.6,3047
6658,3510.9,3048
6150,3283.25,3049
1437,2225.84,3050
5800,3036.89,3051
1366,1522.03,3052
3605,1033.65,3053
1786,1150.88,3054
2658,1117.91,3055
1287,324.87,3056
1717,324.46,3057
1733,862.43,3058
4794,1317.93,3059
5637,1950.92,3060
2317,1861.19,3061
2195,463.97,3062
1192,443.93,3063
1102,649.38,3064
2181,699.97,3065
1322,398.18,3066
1527,862.59,3067
494,218.91,3068
1585,672.15,3069
312,14602.86,3070
2308,71.83,3071
45,1.07,3072
2423,780.19,3073
10536,4174.93,3074
8904,4347,3075
181,1495.15,3076
239,773.02,3077
1369,416.37,3078
2096,737.31,3079
2653,748.44,3080
5925,1527.58,3081
1230,277.11,3082
3843,773.63,3083
1138,1567.65,3084
5085,1227.15,3085
3674,1263.2,3086
3898,1110.98,3087
5020,2028.07,3088
3607,921.97,3089
5930,1775.26,3090
6822,1327.78,3091
8898,1294.3,3092
4678,1219.76,3093
3987,2172.96,3094
1342,1187.24,3095
737,755.71,3096
277,1370.24,3097
809,1052.28,3098
692,2002.67,3099
559,554.81,3100
543,799.46,3101
1206,1338.12,3102
335,371.84,3103
585,507.05,3104
272,260.59,3105
1378,1220.64,3106
230,523.99,3107
642,1556.09,3108
483,462.69,3109
1612,606.26,3110
489,209.78,3111
1525,855.57,3112
7,121.84,3113
302,38.36,3114
451,81.19,3115
475,357.56,3116
438,464.95,3117
427,157.55,3118
239,131.54,3119
509,966.04,3120
2293,1250.52,3121
1459,766.02,3122
7,1305.67,3123
4001,1964.71,3124
1485,805.96,3125
0,1029.95,3126
1196,777.47,3127
4936,3365.08,3128
4718,3260.04,3129
2726,1192.2,3130
1947,2322.23,3131
1368,3563.1,3132
951,674.65,3133
472,235.15,3134
343,183.61,3135
1748,263.59,3136
3341,1146.89,3137
1563,249.94,3138
3201,396.61,3139
1887,752.14,3140
2268,690.47,3141
3793,944.58,3142
4748,2737.76,3143
4813,2891.91,3144
746,498.03,3145
1960,651.75,3146
3141,1039.34,3147
2397,657.98,3148
1696,475.5,3149
243,193.73,3150
785,381.04,3151
1739,1562.4,3152
787,1098.32,3153
538,385.48,3154
798,456.54,3155
3753,1093.7,3156
1094,172.15,3157
762,671.26,3158
11629,2915.48,3159
9585,3821.76,3160
9804,2506,3161
6323,2290.47,3162
3626,899.7,3163
1150,534.72,3164
3871,886.29,3165
4467,2144.81,3166
6449,2755.91,3167
1996,844.98,3168
310,705.23,3169
4173,4359.96,3170
1343,1627.58,3171
3083,888,3172
3720,1232.53,3173
3462,1197.52,3174
6131,2326.03,3175
1388,1075.9,3176
3294,1613.3,3177
3105,1817.25,3178
5198,2140.23,3179
2083,775.91,3180
4302,3237.9,3181
2944,2871.39,3182
501,196.48,3183
11256,5949.75,3184
2948,1287.2,3185
2667,1219.77,3186
1326,361.76,3187
1027,801.09,3188
2840,1301.71,3189
3206,1392.7,3190
3926,2512.63,3191
3012,1021.3,3192
2426,1405.59,3193
3876,2534.91,3194
1540,926.59,3195
3827,2107.49,3196
4417,1487.01,3197
4427,1600.93,3198
4405,1619.66,3199
4867,2140.63,3200
3170,1105.62,3201
6524,2594.78,3202
3982,1584.06,3203
3486,1384.65,3204
2642,992.08,3205
1312,801.59,3206
6275,1965.83,3207
5626,1603.59,3208
10519,3260.12,3209
2349,664.29,3210
872,366.41,3211
3712,1692.4,3212
6305,2487.4,3213
1990,1115.65,3214
3694,2313.4,3215
2858,1248.57,3216
4088,2456.7,3217
2084,655.07,3218
2571,891.86,3219
3423,1464.36,3220
8839,2966.78,3221
6068,2745.91,3222
10907,4754.13,3223
2418,787.33,3224
7632,2214.88,3225
4296,1719.47,3226
1730,554.95,3227
1530,505.82,3228
8984,3262.83,3229
5651,3857.95,3230
10297,4512.1,3231
7249,4652.49,3232
1354,386.49,3233
1055,631.95,3234
2019,1047.84,3235
4157,1775.83,3236
3658,1744.66,3237
2985,4821.65,3238
4416,1892.1,3239
3430,1546.44,3240
8627,3120.58,3241
3390,1407.44,3242
5883,2031.68,3243
4339,1268.59,3244
1343,702.35,3245
280,221.76,3246
769,327.18,3247
3394,1494.09,3248
3186,1089.37,3249
4064,1260.09,3250
5162,2223.77,3251
4579,2049.98,3252
6350,3656.52,3253
4516,1773.65,3254
5229,1592.34,3255
3318,2050.06,3256
6056,2221.64,3257
3165,1324.02,3258
2647,1579.41,3259
5098,5241.29,3260
6695,5184.9,3261
7131,3143.88,3262
8439,2979.94,3263
6511,1648.23,3264
4451,1301.1,3265
11220,4456.41,3266
6827,2038.71,3267
6950,2718.98,3268
6941,2007.25,3269
4085,1941.81,3270
774,227.13,3271
4502,2325.13,3272
1387,492.61,3273
6509,2509.53,3274
2509,1157.64,3275
3190,1330.07,3276
3295,1384.94,3277
4511,1712.77,3278
6431,2928.41,3279
2938,1374.97,3280
7276,2724.76,3281
3982,3111.89,3282
1122,354.09,3283
5651,2410.91,3284
2086,1584.68,3285
10186,5360.16,3286
5698,1972.67,3287
5253,2025.34,3288
7444,1724.77,3289
2244,869.11,3290
1421,746.9,3291
9561,2668.58,3292
2824,1380.14,3293
2233,1928.16,3294
3606,1698.22,3295
2824,951.26,3296
9846,5061.14,3297
3194,1656.72,3298
1591,460.84,3299
2983,1975.39,3300
12045,3766.4,3301
1088,354.74,3302
1782,536.38,3303
2576,855.28,3304
6208,1921.15,3305
9297,3736.14,3306
15797,8131.41,3307
11859,5758.28,3308
11042,3236,3309
3943,1303.22,3310
2562,713.37,3311
3424,1121.42,3312
10663,2998.76,3313
10178,4517.79,3314
11916,9526.65,3315
3734,1866.05,3316
11111,6059.57,3317
3695,1779.06,3318
4231,4172.57,3319
4755,1974,3320
1645,1038.94,3321
4332,2648.85,3322
3852,934.94,3323
1056,610.9,3324
3112,2413.14,3325
2638,811.48,3326
1544,335.83,3327
1848,1074.25,3328
3658,1744.15,3329
2769,1009.03,3330
2447,1232.15,3331
2685,693.77,3332
3183,1841.95,3333
3653,1944.71,3334
5392,2109.29,3335
1942,905.27,3336
4219,1782.33,3337
4702,2110.4,3338
3134,1549.63,3339
4731,2138.99,3340
1142,798.46,3341
3396,1474.12,3342
1572,1307.31,3343
3011,1819.84,3344
6561,3086.84,3345
3208,2578.46,3346
5360,2332.99,3347
7,6893.88,3348
8,4701.96,3349
6293,8708.16,3350
4391,5934.81,3351
0,7500.21,3352
0,6238.74,3353
0,2523.39,3354
0,1263.44,3355
41,327.18,3356
4745,3029.33,3357
2808,1251.82,3358
1212,486.88,3359
5028,1312.11,3360
2463,1091.65,3361
9614,4135.25,3362
3525,1595.16,3363
7401,3139.39,3364
2550,922.06,3365
3553,1125.07,3366
6512,2362.02,3367
4978,1351.17,3368
5668,1633.61,3369
4016,2373.6,3370
8619,4786.2,3371
4938,2226.59,3372
4073,2066.82,3373
12237,6158.76,3374
18093,7705.62,3375
10362,4129.3,3376
8594,1907.53,3377
10120,4115.64,3378
6136,2884.25,3379
6255,1987.89,3380
7791,3912.14,3381
6894,2050.74,3382
5934,2049.23,3383
6951,2463.68,3384
5716,1958.56,3385
10217,3433.7,3386
4621,2109.37,3387
2742,714.5,3388
3686,1396.14,3389
6680,2227.09,3390
3166,1075.43,3391
2346,744.87,3392
9105,4348.46,3393
9001,3585.82,3394
7244,3570.34,3395
2403,574.36,3396
3614,1953.91,3397
6011,3541.88,3398
7957,3847.15,3399
11385,4064.85,3400
4925,1392.87,3401
17738,3995.44,3402
3875,901.5,3403
3821,1497.66,3404
6122,2112.81,3405
8782,3677.83,3406
10142,3989.58,3407
23838,12085.02,3408
7319,5127.14,3409
6567,1970.19,3410
16782,4929.71,3411
9887,5766.87,3412
11873,3073.78,3413
9629,2278.44,3414
7580,1513.31,3415
9184,3090.72,3416
3611,1214.15,3417
2957,1085.24,3418
1497,452.94,3419
1449,660.2,3420
2283,860.13,3421
4590,2032.65,3422
2516,914.79,3423
3306,947.5,3424
13179,5768.17,3425
8480,3682.05,3426
29821,9719.1,3427
11615,5542.54,3428
12041,3052.41,3429
15304,7061.74,3430
6444,1481.75,3431
5379,3199.71,3432
16059,4803.41,3433
8649,3105.9,3434
19936,5906.38,3435
16280,6385.05,3436
6772,3348.93,3437
6004,2411.82,3438
5346,1536.95,3439
11501,3811.45,3440
7414,3755.49,3441
4245,1490.87,3442
6665,2305.71,3443
5385,2216.89,3444
2873,1470.56,3445
625,206.05,3446
616,613.94,3447
19,96.87,3448
2290,623.43,3449
151,81.4,3450
4164,1982.65,3451
2990,918.07,3452
4804,1433.68,3453
3025,748.52,3454
1712,463.86,3455
3763,973.19,3456
3679,1225.79,3457
815,293.98,3458
1388,705.04,3459
3973,1151.13,3460
2811,900.29,3461
3280,984.83,3462
1266,394.84,3463
559,138.69,3464
11204,4632.1,3465
1356,678.97,3466
1709,571.79,3467
5739,1556.89,3468
1103,1019.84,3469
975,322.71,3470
6382,3396.92,3471
4514,1145.03,3472
758,380.85,3473
2717,856.09,3474
3488,934.28,3475
1592,383.47,3476
1978,667.96,3477
2603,1022.52,3478
6830,4882.91,3479
1983,1279.23,3480
1736,347.51,3481
877,268.84,3482
788,325.25,3483
3657,932.43,3484
7948,3102.26,3485
6478,1572.34,3486
6771,2126.62,3487
3178,569.45,3488
2044,797.47,3489
1822,514.37,3490
7179,4246.75,3491
18594,7248.54,3492
2906,1565.59,3493
4392,2370.44,3494
1395,427.16,3495
2029,1582.36,3496
1018,365.69,3497
3345,762.77,3498
1774,732.25,3499
4098,2081.89,3500
6005,2337.49,3501
5845,1793.43,3502
1871,535.23,3503
1316,940.44,3504
7993,2444.78,3505
3495,1415.64,3506
1184,612.96,3507
4571,2384.76,3508
1999,609.06,3509
2947,806.53,3510
1103,452.33,3511
1561,608.57,3512
3300,1088.29,3513
7279,2261.06,3514
6480,2419.26,3515
4024,1646.49,3516
3964,3039.18,3517
13601,8599.96,3518
3614,1459.78,3519
2322,814.63,3520
1793,575.54,3521
1960,825.31,3522
1526,555.26,3523
4388,1528.96,3524
12254,5892.64,3525
3940,1719.84,3526
7374,3240.89,3527
7716,5750.28,3528
5787,3331.92,3529
5622,6294,3530
10493,6301.17,3531
1264,382.19,3532
5842,1111.14,3533
4374,1315.73,3534
1024,410.81,3535
7111,1203.4,3536
2316,541.51,3537
4883,1635.98,3538
1575,1075.91,3539
5084,1566.33,3540
2584,1071.6,3541
4639,1372.29,3542
2859,941.87,3543
7157,2473.46,3544
8650,3818.74,3545
4505,3164.65,3546
8726,3678.47,3547
4759,1700.07,3548
3113,1288.16,3549
5514,1042.75,3550
1673,794.29,3551
2251,924.8,3552
1023,301.51,3553
1569,785.87,3554
1989,871.7,3555
2602,896.3,3556
2431,1009.37,3557
2039,817.13,3558
6484,1664.6,3559
4029,949.18,3560
3815,1086.18,3561
1945,621.3,3562
4187,1068.82,3563
2435,970.73,3564
4733,1909.8,3565
1846,693.47,3566
4330,3296.49,3567
2908,1422.6,3568
1048,344.25,3569
1325,368.85,3570
3936,2773.47,3571
3137,1852.06,3572
8245,2650.04,3573
4859,690.6,3574
1592,575.51,3575
2831,507.02,3576
2776,1018.91,3577
4126,1452.65,3578
3769,1308.32,3579
3797,943.3,3580
1344,634.21,3581
3363,1831.22,3582
7918,2763.04,3583
2777,1016.08,3584
2143,892.61,3585
1717,270.64,3586
2057,578.79,3587
2056,272.63,3588
947,371.35,3589
795,203.09,3590
946,327.48,3591
1443,639.13,3592
775,363.08,3593
1220,713.36,3594
2719,1227.35,3595
4070,1902.51,3596
1000,413.38,3597
1127,577.62,3598
1727,474.05,3599
2432,688.93,3600
1727,410.71,3601
1581,465.83,3602
1324,441.34,3603
2433,868.78,3604
5219,1834.28,3605
2559,1418.4,3606
8492,3220.04,3607
2310,1983.44,3608
3287,1049.78,3609
5664,2062.61,3610
2239,716.92,3611
2895,811.41,3612
2254,1299.94,3613
2074,461.26,3614
2966,895.43,3615
1139,551.24,3616
1790,531.73,3617
2394,743.56,3618
1317,938.59,3619
2988,1073.18,3620
923,809.94,3621
2552,1181.19,3622
2994,2025.81,3623
2428,638.41,3624
3474,3015.97,3625
19273,9805.34,3626
3134,1185.49,3627
2158,1068.79,3628
3345,2176.1,3629
6047,3274.43,3630
2053,859.96,3631
3063,1907.38,3632
1171,304.01,3633
1537,1322.18,3634
861,604.29,3635
2343,784.03,3636
2977,1176.59,3637
3158,1137.19,3638
6680,1709.79,3639
4276,1588.5,3640
4005,1582.38,3641
15172,5365.65,3642
3662,1596.54,3643
6841,2423.39,3644
10911,5061.12,3645
6882,3626.48,3646
4652,1873.63,3647
6200,1676.09,3648
7957,2687.24,3649
2736,801.3,3650
2220,1630.29,3651
2666,979.14,3652
2894,1039.46,3653
9520,3641.62,3654
4673,1890.17,3655
3942,1921.88,3656
15388,7742.71,3657
4271,1378.33,3658
4705,1129.59,3659
6751,1403.51,3660
3307,1131.38,3661
1100,388.48,3662
1208,291.06,3663
5354,1896.07,3664
11211,5308.06,3665
2330,808.87,3666
6353,2036.22,3667
7165,3542.55,3668
3817,1486.7,3669
2141,531.8,3670
2154,523.87,3671
3387,853.16,3672
3349,908.94,3673
4776,1295.62,3674
1576,348.47,3675
2321,647.86,3676
1075,308.48,3677
2819,744.11,3678
2226,651.19,3679
1560,803.8,3680
4447,1254.08,3681
1877,718.47,3682
2108,774.45,3683
1435,413.04,3684
4290,931.83,3685
6400,1648.71,3686
3650,1237.9,3687
3040,1344.58,3688
3574,1193.21,3689
3701,661.92,3690
5860,4698.72,3691
6179,2490.4,3692
12315,4335.72,3693
12042,5721.45,3694
2684,816.12,3695
2551,595.94,3696
4038,1029.09,3697
2721,803.97,3698
4811,1282.08,3699
2252,844.16,3700
